{"mel_mean": -6.29234504699707, "mel_std": 2.5638973712921143}